{
  "info": {
    "name": "Fleet Telemetry Ingest",
    "description": "Test collection for Fleet telemetry ingestion and analytics API",
    "schema": "https://schema.getpostman.com/json/collection/v2.1.0/collection.json"
  },
  "item": [
    {
      "name": "Telemetry Ingestion",
      "item": [
        {
          "name": "POST Meter Reading",
          "request": {
            "method": "POST",
            "header": [
              {
                "key": "Content-Type",
                "value": "application/json"
              }
            ],
            "body": {
              "mode": "raw",
              "raw": "{\n  \"meterId\": \"meter-001\",\n  \"kwhConsumedAc\": 14.5,\n  \"voltage\": 230,\n  \"timestamp\": \"2026-02-10T12:00:00Z\"\n}"
            },
            "url": {
              "raw": "http://localhost:3000/v1/telemetry",
              "protocol": "http",
              "host": [
                "localhost"
              ],
              "port": "3000",
              "path": [
                "v1",
                "telemetry"
              ]
            },
            "description": "Ingest meter (AC power) reading from grid"
          },
          "response": []
        },
        {
          "name": "POST Vehicle Reading",
          "request": {
            "method": "POST",
            "header": [
              {
                "key": "Content-Type",
                "value": "application/json"
              }
            ],
            "body": {
              "mode": "raw",
              "raw": "{\n  \"vehicleId\": \"veh-001\",\n  \"soc\": 75,\n  \"kwhDeliveredDc\": 12.3,\n  \"batteryTemp\": 32,\n  \"timestamp\": \"2026-02-10T12:00:00Z\"\n}"
            },
            "url": {
              "raw": "http://localhost:3000/v1/telemetry",
              "protocol": "http",
              "host": [
                "localhost"
              ],
              "port": "3000",
              "path": [
                "v1",
                "telemetry"
              ]
            },
            "description": "Ingest vehicle (DC power) reading from charger"
          },
          "response": []
        },
        {
          "name": "POST Meter Reading (Multiple)",
          "request": {
            "method": "POST",
            "header": [
              {
                "key": "Content-Type",
                "value": "application/json"
              }
            ],
            "body": {
              "mode": "raw",
              "raw": "{\n  \"meterId\": \"meter-001\",\n  \"kwhConsumedAc\": 15.2,\n  \"voltage\": 230,\n  \"timestamp\": \"2026-02-10T12:15:00Z\"\n}"
            },
            "url": {
              "raw": "http://localhost:3000/v1/telemetry",
              "protocol": "http",
              "host": [
                "localhost"
              ],
              "port": "3000",
              "path": [
                "v1",
                "telemetry"
              ]
            },
            "description": "Ingest another meter reading (same meter)"
          },
          "response": []
        },
        {
          "name": "POST Vehicle Reading (Multiple)",
          "request": {
            "method": "POST",
            "header": [
              {
                "key": "Content-Type",
                "value": "application/json"
              }
            ],
            "body": {
              "mode": "raw",
              "raw": "{\n  \"vehicleId\": \"veh-001\",\n  \"soc\": 78,\n  \"kwhDeliveredDc\": 13.1,\n  \"batteryTemp\": 33,\n  \"timestamp\": \"2026-02-10T12:15:00Z\"\n}"
            },
            "url": {
              "raw": "http://localhost:3000/v1/telemetry",
              "protocol": "http",
              "host": [
                "localhost"
              ],
              "port": "3000",
              "path": [
                "v1",
                "telemetry"
              ]
            },
            "description": "Ingest another vehicle reading (same vehicle)"
          },
          "response": []
        },
        {
          "name": "POST Invalid Payload (Missing Field)",
          "request": {
            "method": "POST",
            "header": [
              {
                "key": "Content-Type",
                "value": "application/json"
              }
            ],
            "body": {
              "mode": "raw",
              "raw": "{\n  \"meterId\": \"meter-001\",\n  \"kwhConsumedAc\": 14.5\n}"
            },
            "url": {
              "raw": "http://localhost:3000/v1/telemetry",
              "protocol": "http",
              "host": [
                "localhost"
              ],
              "port": "3000",
              "path": [
                "v1",
                "telemetry"
              ]
            },
            "description": "Test validation error (missing voltage and timestamp)"
          },
          "response": []
        }
      ]
    },
    {
      "name": "Analytics",
      "item": [
        {
          "name": "GET Performance 24h",
          "request": {
            "method": "GET",
            "header": [],
            "url": {
              "raw": "http://localhost:3000/v1/analytics/performance/veh-001",
              "protocol": "http",
              "host": [
                "localhost"
              ],
              "port": "3000",
              "path": [
                "v1",
                "analytics",
                "performance",
                "veh-001"
              ]
            },
            "description": "Get 24-hour performance summary for vehicle (AC/DC/efficiency/temp)"
          },
          "response": []
        },
        {
          "name": "GET Performance (Different Vehicle)",
          "request": {
            "method": "GET",
            "header": [],
            "url": {
              "raw": "http://localhost:3000/v1/analytics/performance/veh-002",
              "protocol": "http",
              "host": [
                "localhost"
              ],
              "port": "3000",
              "path": [
                "v1",
                "analytics",
                "performance",
                "veh-002"
              ]
            },
            "description": "Get 24-hour performance for a different vehicle (if data exists)"
          },
          "response": []
        }
      ]
    },
    {
      "name": "Setup (Run Once)",
      "item": [
        {
          "name": "SQL: Create Meter Assignment",
          "request": {
            "method": "GET",
            "header": [],
            "url": {
              "raw": "http://localhost:3000/v1/analytics/performance/veh-001",
              "protocol": "http",
              "host": [
                "localhost"
              ],
              "port": "3000",
              "path": [
                "v1",
                "analytics",
                "performance",
                "veh-001"
              ]
            },
            "description": "MANUAL: Before querying analytics, run this SQL in your DB:\nINSERT INTO meter_assignments(meter_id, vehicle_id, active) VALUES('meter-001', 'veh-001', true) ON CONFLICT (meter_id) DO UPDATE SET vehicle_id = EXCLUDED.vehicle_id, active = EXCLUDED.active, updated_at = now();"
          },
          "response": []
        }
      ]
    }
  ]
}
